INSERT INTO species (id, name, family) VALUES (1, 'Akác', 'zárvatermő'),
(2, 'Boróka', 'nyitvatermő'),
(3, 'Bükk', 'zárvatermő'),
(4, 'Cseres-tölgy', 'zárvatermő'),
(5, 'Erdei fenyő', 'nyitvatermő'),
(6, 'Fűzfa', 'zárvatermő'),
(7, 'Gyertyános-tölgy', 'zárvatermő'),
(8, 'Lucfenyő', 'nyitvatermő'),
(9, 'Nyárfa', 'zárvatermő'),
(10, 'Tiszafa', 'nyitvatermő');

INSERT INTO country (id, name, territory) VALUES
(1, 'Magyarország', 93000),
(2, 'Lengyelország', 312500),
(3, 'Ausztria', 84000),
(4, 'Németország', 357500),
(5, 'Finnország', 338000),
(6, 'Bulgária', 111000),
(7, 'Lettország', 64500);

INSERT INTO forest (id, species_id, area, country_id, wolfs) VALUES
(1, 7, 300, 5, 98),
(2, 9, 408, 4, 0),
(3, 9, 457, 1, 0),
(4, 10, 169, 1, 72),
(5, 2, 272, 2, 47),
(6, 3, 490, 2, 16),
(7, 6, 209, 4, 88),
(8, 9, 194, 6, 88),
(9, 1, 342, 6, 0),
(10, 10, 16, 1, 0),
(11, 4, 62, 2, 56),
(12, 1, 136, 5, 2),
(13, 2, 59, 2, 0),
(14, 4, 321, 7, 76),
(15, 5, 134, 7, 0),
(16, 10, 346, 1, 78),
(17, 8, 79, 3, 62),
(18, 8, 375, 4, 0),
(19, 1, 131, 6, 0),
(20, 8, 444, 3, 0),
(21, 3, 165, 3, 65),
(22, 4, 206, 6, 0),
(23, 5, 196, 2, 96),
(24, 2, 170, 4, 91),
(25, 2, 436, 1, 74),
(26, 5, 67, 7, 9),
(27, 5, 243, 7, 53),
(28, 5, 125, 1, 93),
(29, 8, 79, 7, 82),
(30, 9, 134, 5, 0),
(31, 10, 410, 1, 0),
(32, 9, 470, 2, 30),
(33, 8, 16, 5, 0),
(34, 5, 384, 3, 48),
(35, 5, 257, 6, 0),
(36, 6, 496, 6, 0),
(37, 10, 34, 1, 61),
(38, 4, 432, 4, 13),
(39, 3, 282, 4, 0),
(40, 1, 337, 5, 0),
(41, 10, 378, 1, 0),
(42, 4, 49, 7, 0),
(43, 8, 314, 3, 0),
(44, 7, 412, 4, 85),
(45, 8, 368, 4, 25),
(46, 7, 205, 7, 56),
(47, 10, 406, 1, 3),
(48, 4, 79, 4, 45),
(49, 1, 466, 7, 53),
(50, 3, 150, 4, 0),
(51, 10, 343, 1, 0),
(52, 10, 222, 1, 0),
(53, 3, 350, 1, 48),
(54, 3, 300, 4, 0),
(55, 8, 331, 4, 0),
(56, 10, 181, 1, 0),
(57, 5, 363, 4, 56),
(58, 8, 72, 6, 0),
(59, 1, 326, 2, 0),
(60, 7, 385, 3, 54),
(61, 10, 92, 1, 36),
(62, 6, 261, 6, 57),
(63, 4, 309, 7, 0),
(64, 9, 158, 2, 0),
(65, 9, 427, 7, 42),
(66, 6, 358, 7, 0),
(67, 2, 100, 6, 37),
(68, 3, 233, 1, 0),
(69, 8, 198, 4, 14),
(70, 2, 369, 5, 107),
(71, 5, 360, 3, 50),
(72, 9, 299, 6, 25),
(73, 8, 452, 3, 0),
(74, 3, 97, 5, 93),
(75, 4, 389, 5, 0),
(76, 1, 287, 6, 81),
(77, 7, 416, 2, 97),
(78, 6, 219, 5, 0),
(79, 7, 80, 4, 0),
(80, 5, 207, 6, 16),
(81, 7, 388, 1, 87),
(82, 8, 328, 6, 43),
(83, 6, 481, 3, 0),
(84, 2, 138, 3, 0),
(85, 2, 394, 1, 36),
(86, 4, 224, 2, 12),
(87, 6, 149, 3, 0),
(88, 1, 174, 1, 4),
(89, 9, 5, 1, 0),
(90, 5, 323, 1, 38),
(91, 7, 348, 7, 0),
(92, 2, 166, 3, 95),
(93, 9, 399, 2, 63),
(94, 9, 263, 2, 0),
(95, 7, 195, 5, 0),
(96, 6, 5, 7, 31),
(97, 5, 116, 3, 93),
(98, 2, 243, 6, 0),
(99, 5, 386, 6, 52),
(100, 5, 28, 1, 0),
(101, 9, 425, 1, 27),
(102, 8, 312, 7, 86),
(103, 9, 154, 1, 98),
(104, 5, 131, 6, 0),
(105, 6, 381, 7, 42),
(106, 7, 107, 6, 0),
(107, 8, 470, 7, 97),
(108, 6, 144, 3, 90),
(109, 4, 458, 3, 58),
(110, 1, 408, 2, 6),
(111, 8, 189, 5, 95),
(112, 8, 309, 3, 0),
(113, 7, 176, 6, 41),
(114, 9, 199, 3, 0),
(115, 8, 22, 6, 40),
(116, 8, 29, 4, 0),
(117, 3, 304, 2, 69),
(118, 4, 403, 1, 0),
(119, 3, 498, 4, 10),
(120, 2, 366, 7, 3),
(121, 7, 461, 1, 29),
(122, 7, 84, 4, 67),
(123, 1, 384, 5, 0),
(124, 5, 499, 2, 43),
(125, 1, 257, 2, 0),
(126, 9, 147, 4, 89),
(127, 2, 79, 4, 83),
(128, 2, 438, 3, 0),
(129, 9, 376, 1, 0),
(130, 5, 258, 3, 0),
(131, 8, 29, 7, 54),
(132, 7, 106, 7, 80),
(133, 1, 366, 3, 73),
(134, 2, 62, 5, 37),
(135, 3, 301, 5, 0),
(136, 6, 406, 7, 14);

INSERT INTO wolf (id, name, rank) VALUES (100, 'Akela', 1);
